Wade,JKO01VUO8HK
Elton,NAQ06RIK2FB
Astra,EMM10KFZ5IB
Bruce,PDV47PSQ8QB
Barry,LWX45JXX3XB
Rafael,XGE40ZUE2MJ
Dacey,BLL53YYY2GJ
Cassidy,GPA32LSS5YU
Leah,OEG31WJD9GJ
Breanna,BEZ04TIT1JG
Hamish,MJC48XTA0QA
Kitra,FHQ63SCV1IG
Ezra,LSZ32KJO1DG
Quamar,GWD64IJQ7ZM
Cynthia,RXG31ELQ3LJ
Preston,RPH62RYM8OJ
Zephr,CNX57ANG7JF
Alexander,JDX44JID3UF
Scott,PIW16MAX6UH
Keefe,NTB42GGL9JE
Nasim,YAM03VKO5KM
Lars,TRS28CAW0LS
Leigh,UEA20GUQ6BF
September,DWN54MKF3TY
Dalton,TBZ58XTO1DC
Clayton,JMD76KUD5BX
Myra,ROS30ATO9MY
Gareth,HMI02CVB4XU
Scarlett,XSH45REA3VM
Ivan,XPK49JYW0SJ
Wilma,CTS76ADO5ND
Georgia,KEE69VTH6UC
Ursa,FPI41NYX7XC
Kimberley,KEU46LUW8XW
Cairo,WZR45UYB5NK
Michelle,MCR80WWE3OH
Ahmed,UJP60TCZ6YP
David,VSP57IVZ9LE
Conan,LAB01EGC5BS
Charissa,HPL79IPB9BY
Sandra,PAE58ZAR9GG
Florence,YPT15OOA8ZW
Jescie,KEI61WST0PQ
Logan,HIT46KUG0YI
Andrew,YQX33TOY3AV
Basia,UPC18XWV6GR
Holmes,KAA37AVO1NB
Eleanor,ZUT13HSP4CG
Ora,QRJ22VJQ5YJ
Tobias,UJE86AWW4AW
Kylan,CJF00RQG6RI
Skyler,IQH03OLH7OG
Trevor,JGA75YEN7PV
Wylie,NCF23HRZ7QU
Deborah,ANS66MFB8WQ
Curran,NYR91TBY7UV
Finn,VTR67UVZ6IQ
Honorato,DDI67YFN2DW
Xavier,FCH21TYD2FG
Jada,TMT83BDL6WO
Jameson,GMA27CFK2XY
Colorado,JMW56VCW6AS
Wyatt,SOB59TND5RW
Cally,JGV63DVN8JA
Silas,PMD10FCS5ZA
Colleen,AIA49MWC5UX
Barbara,WMW06NED1XV
Suki,MYR67SVB3LQ
Galvin,BFI60UHV0YW
Marsden,DNW50JQO8NB
Raja,OGO18YXG7GU
Alexandra,UCC93DHD6RM
Ocean,UIZ97KBZ8AC
Jeanette,QQL23GAZ1YV
Megan,YWC67XOL6JJ
Peter,ULJ18XOP8KJ
Colt,KAB46SAJ3WA
Garrison,ZAG64TJT3OU
Brady,JNN08PMN8ZR
Bert,TNX76SAT6NO
Ifeoma,UDA33IQY8CN
Sylvia,QOP67SYM1VB
Igor,MIO83CPG7IR
Louis,WKJ86UDU8WX
Hammett,BKB79NFG6CT
Camille,KFY90XSW5PS
Colby,ZRY14FFA7FC
Irene,BDO44IZI5XN
Declan,FPQ39EFJ8PV
Dylan,LFW35USJ6TD
Latifah,IER56WEA1UT
Wendy,UNB38WRB9JT
Meghan,NJM90VLJ4BA
Ruby,MJZ27UCU9JL