{
  "login-75" : {
    "transaction" : "login-75",
    "sampleCount" : 88406,
    "errorCount" : 589,
    "errorPct" : 0.6662444,
    "meanResTime" : 240.0929801144708,
    "minResTime" : 1.0,
    "maxResTime" : 27752.0,
    "pct1ResTime" : 57.0,
    "pct2ResTime" : 65.0,
    "pct3ResTime" : 26126.99,
    "throughput" : 30.259778310824874,
    "receivedKBytesPerSec" : 12.893029798125527,
    "sentKBytesPerSec" : 15.954116130875612
  },
  "browse-87" : {
    "transaction" : "browse-87",
    "sampleCount" : 88312,
    "errorCount" : 1147,
    "errorPct" : 1.2988043,
    "meanResTime" : 253.30755729685703,
    "minResTime" : 1.0,
    "maxResTime" : 27764.0,
    "pct1ResTime" : 73.0,
    "pct2ResTime" : 85.0,
    "pct3ResTime" : 26135.99,
    "throughput" : 30.227914201355585,
    "receivedKBytesPerSec" : 12.601459429288614,
    "sentKBytesPerSec" : 15.729197846733467
  },
  "browse-88" : {
    "transaction" : "browse-88",
    "sampleCount" : 88284,
    "errorCount" : 1185,
    "errorPct" : 1.342259,
    "meanResTime" : 268.1503783244994,
    "minResTime" : 1.0,
    "maxResTime" : 27765.0,
    "pct1ResTime" : 76.0,
    "pct2ResTime" : 92.0,
    "pct3ResTime" : 26140.0,
    "throughput" : 30.218381924831927,
    "receivedKBytesPerSec" : 22.560224856693388,
    "sentKBytesPerSec" : 16.31389547349799
  },
  "logout-96" : {
    "transaction" : "logout-96",
    "sampleCount" : 176496,
    "errorCount" : 1274,
    "errorPct" : 0.7218294,
    "meanResTime" : 270.73858897652656,
    "minResTime" : 0.0,
    "maxResTime" : 27768.0,
    "pct1ResTime" : 71.0,
    "pct2ResTime" : 93.0,
    "pct3ResTime" : 26123.0,
    "throughput" : 60.41249146418896,
    "receivedKBytesPerSec" : 19.583679588116098,
    "sentKBytesPerSec" : 30.312141132255014
  },
  "login-56" : {
    "transaction" : "login-56",
    "sampleCount" : 176812,
    "errorCount" : 631,
    "errorPct" : 0.35687622,
    "meanResTime" : 150.2076329660885,
    "minResTime" : 0.0,
    "maxResTime" : 27768.0,
    "pct1ResTime" : 75.0,
    "pct2ResTime" : 85.0,
    "pct3ResTime" : 1079.9800000000032,
    "throughput" : 60.5173402243576,
    "receivedKBytesPerSec" : 105.51616233624547,
    "sentKBytesPerSec" : 41.11743945574884
  },
  "browse-79" : {
    "transaction" : "browse-79",
    "sampleCount" : 176664,
    "errorCount" : 4677,
    "errorPct" : 2.6473985,
    "meanResTime" : 779.882335959784,
    "minResTime" : 2.0,
    "maxResTime" : 46859.0,
    "pct1ResTime" : 773.9000000000015,
    "pct2ResTime" : 1326.0,
    "pct3ResTime" : 26756.0,
    "throughput" : 60.46925075071427,
    "receivedKBytesPerSec" : 98.64252046152026,
    "sentKBytesPerSec" : 97.15868981332603
  },
  "Total" : {
    "transaction" : "Total",
    "sampleCount" : 794983,
    "errorCount" : 8280,
    "errorPct" : 1.0415317,
    "meanResTime" : 236.0693423633011,
    "minResTime" : 0.0,
    "maxResTime" : 33438.0,
    "pct1ResTime" : 72.0,
    "pct2ResTime" : 83.0,
    "pct3ResTime" : 26152.0,
    "throughput" : 272.1046081472942,
    "receivedKBytesPerSec" : 163.4514739106213,
    "sentKBytesPerSec" : 143.9409982020175
  },
  "reserve-95" : {
    "transaction" : "reserve-95",
    "sampleCount" : 176536,
    "errorCount" : 2382,
    "errorPct" : 1.3492999,
    "meanResTime" : 267.86205646440555,
    "minResTime" : 1.0,
    "maxResTime" : 33075.0,
    "pct1ResTime" : 76.0,
    "pct2ResTime" : 142.0000000000291,
    "pct3ResTime" : 26131.0,
    "throughput" : 60.42579001305479,
    "receivedKBytesPerSec" : 20.295609927224874,
    "sentKBytesPerSec" : 38.5816885388806
  },
  "browse-82" : {
    "transaction" : "browse-82",
    "sampleCount" : 88348,
    "errorCount" : 1152,
    "errorPct" : 1.3039345,
    "meanResTime" : 262.4641304839971,
    "minResTime" : 1.0,
    "maxResTime" : 27757.0,
    "pct1ResTime" : 74.0,
    "pct2ResTime" : 88.0,
    "pct3ResTime" : 26130.0,
    "throughput" : 30.24032963561204,
    "receivedKBytesPerSec" : 12.235825602257414,
    "sentKBytesPerSec" : 15.91117593358221
  },
  "browse-83" : {
    "transaction" : "browse-83",
    "sampleCount" : 88331,
    "errorCount" : 1170,
    "errorPct" : 1.3245633,
    "meanResTime" : 262.5469087862711,
    "minResTime" : 1.0,
    "maxResTime" : 33438.0,
    "pct1ResTime" : 74.0,
    "pct2ResTime" : 90.0,
    "pct3ResTime" : 26138.0,
    "throughput" : 30.23432448630811,
    "receivedKBytesPerSec" : 22.543219798235317,
    "sentKBytesPerSec" : 16.7652503269244
  }
}