{
  "login-75" : {
    "transaction" : "login-75",
    "sampleCount" : 36433,
    "errorCount" : 69,
    "errorPct" : 0.18938874,
    "meanResTime" : 124.30173194631259,
    "minResTime" : 1.0,
    "maxResTime" : 26727.0,
    "pct1ResTime" : 24.0,
    "pct2ResTime" : 26.0,
    "pct3ResTime" : 1632.0,
    "throughput" : 29.916326580885674,
    "receivedKBytesPerSec" : 12.783796762222561,
    "sentKBytesPerSec" : 15.772787842925533
  },
  "browse-87" : {
    "transaction" : "browse-87",
    "sampleCount" : 36394,
    "errorCount" : 125,
    "errorPct" : 0.3434632,
    "meanResTime" : 135.59740616585148,
    "minResTime" : 1.0,
    "maxResTime" : 33146.0,
    "pct1ResTime" : 31.0,
    "pct2ResTime" : 35.0,
    "pct3ResTime" : 4188.890000002899,
    "throughput" : 29.88494043376438,
    "receivedKBytesPerSec" : 12.460476372839963,
    "sentKBytesPerSec" : 15.554490141681255
  },
  "browse-88" : {
    "transaction" : "browse-88",
    "sampleCount" : 36385,
    "errorCount" : 126,
    "errorPct" : 0.34629655,
    "meanResTime" : 141.2054418029397,
    "minResTime" : 1.0,
    "maxResTime" : 33015.0,
    "pct1ResTime" : 35.0,
    "pct2ResTime" : 39.0,
    "pct3ResTime" : 6757.750000004042,
    "throughput" : 29.87755008195079,
    "receivedKBytesPerSec" : 22.406771257166586,
    "sentKBytesPerSec" : 16.13327032331352
  },
  "logout-96" : {
    "transaction" : "logout-96",
    "sampleCount" : 72730,
    "errorCount" : 90,
    "errorPct" : 0.12374536,
    "meanResTime" : 128.83379623264094,
    "minResTime" : 0.0,
    "maxResTime" : 26780.0,
    "pct1ResTime" : 30.0,
    "pct2ResTime" : 34.0,
    "pct3ResTime" : 6786.0,
    "throughput" : 59.72303882120698,
    "receivedKBytesPerSec" : 19.31226304373175,
    "sentKBytesPerSec" : 29.977341602150783
  },
  "login-56" : {
    "transaction" : "login-56",
    "sampleCount" : 72869,
    "errorCount" : 73,
    "errorPct" : 0.10017978,
    "meanResTime" : 85.88469719633738,
    "minResTime" : 0.0,
    "maxResTime" : 26735.0,
    "pct1ResTime" : 32.0,
    "pct2ResTime" : 35.0,
    "pct3ResTime" : 246.9600000000064,
    "throughput" : 59.82961421808263,
    "receivedKBytesPerSec" : 104.34183782201862,
    "sentKBytesPerSec" : 40.65322608496546
  },
  "browse-79" : {
    "transaction" : "browse-79",
    "sampleCount" : 72811,
    "errorCount" : 513,
    "errorPct" : 0.70456386,
    "meanResTime" : 425.4910521761865,
    "minResTime" : 2.0,
    "maxResTime" : 33584.0,
    "pct1ResTime" : 153.0,
    "pct2ResTime" : 867.0,
    "pct3ResTime" : 20543.0,
    "throughput" : 59.78783452110857,
    "receivedKBytesPerSec" : 97.72963755046915,
    "sentKBytesPerSec" : 96.09078684874567
  },
  "Total" : {
    "transaction" : "Total",
    "sampleCount" : 327631,
    "errorCount" : 908,
    "errorPct" : 0.27714106,
    "meanResTime" : 125.90431918835493,
    "minResTime" : 0.0,
    "maxResTime" : 33146.0,
    "pct1ResTime" : 30.0,
    "pct2ResTime" : 33.0,
    "pct3ResTime" : 6812.990000000002,
    "throughput" : 269.0190192245004,
    "receivedKBytesPerSec" : 161.79013887069917,
    "sentKBytesPerSec" : 142.34048123757566
  },
  "reserve-95" : {
    "transaction" : "reserve-95",
    "sampleCount" : 72742,
    "errorCount" : 274,
    "errorPct" : 0.37667373,
    "meanResTime" : 142.35194248164908,
    "minResTime" : 1.0,
    "maxResTime" : 26768.0,
    "pct1ResTime" : 32.0,
    "pct2ResTime" : 36.0,
    "pct3ResTime" : 6788.990000000002,
    "throughput" : 59.73264750249016,
    "receivedKBytesPerSec" : 20.029399174880297,
    "sentKBytesPerSec" : 38.1453663769212
  },
  "browse-82" : {
    "transaction" : "browse-82",
    "sampleCount" : 36416,
    "errorCount" : 132,
    "errorPct" : 0.36247802,
    "meanResTime" : 142.69730338312917,
    "minResTime" : 1.0,
    "maxResTime" : 33146.0,
    "pct1ResTime" : 32.0,
    "pct2ResTime" : 37.0,
    "pct3ResTime" : 6783.94000000001,
    "throughput" : 29.902809300614546,
    "receivedKBytesPerSec" : 12.091010064310009,
    "sentKBytesPerSec" : 15.738560958865163
  },
  "browse-83" : {
    "transaction" : "browse-83",
    "sampleCount" : 36405,
    "errorCount" : 138,
    "errorPct" : 0.37906882,
    "meanResTime" : 147.42301881609498,
    "minResTime" : 1.0,
    "maxResTime" : 26906.0,
    "pct1ResTime" : 32.0,
    "pct2ResTime" : 36.0,
    "pct3ResTime" : 6789.990000000002,
    "throughput" : 29.893825802054508,
    "receivedKBytesPerSec" : 22.384570907510202,
    "sentKBytesPerSec" : 16.57990958154392
  }
}