{
  "reserve-384" : {
    "transaction" : "reserve-384",
    "sampleCount" : 22318,
    "errorCount" : 7,
    "errorPct" : 0.031364817,
    "meanResTime" : 21.809212295008557,
    "minResTime" : 0.0,
    "maxResTime" : 26713.0,
    "pct1ResTime" : 15.0,
    "pct2ResTime" : 17.0,
    "pct3ResTime" : 23.0,
    "throughput" : 36.424051820794574,
    "receivedKBytesPerSec" : 55.75109816443539,
    "sentKBytesPerSec" : 15.14399841813728
  },
  "reserve-416" : {
    "transaction" : "reserve-416",
    "sampleCount" : 22283,
    "errorCount" : 120,
    "errorPct" : 0.53852713,
    "meanResTime" : 187.2827267423604,
    "minResTime" : 4.0,
    "maxResTime" : 27067.0,
    "pct1ResTime" : 40.0,
    "pct2ResTime" : 47.0,
    "pct3ResTime" : 1083.9600000000064,
    "throughput" : 34.871729063738755,
    "receivedKBytesPerSec" : 26.113589563031397,
    "sentKBytesPerSec" : 18.82855334329553
  },
  "reserve-417" : {
    "transaction" : "reserve-417",
    "sampleCount" : 22276,
    "errorCount" : 143,
    "errorPct" : 0.6419465,
    "meanResTime" : 207.08982761716678,
    "minResTime" : 1.0,
    "maxResTime" : 27076.0,
    "pct1ResTime" : 37.0,
    "pct2ResTime" : 43.0,
    "pct3ResTime" : 1239.0,
    "throughput" : 34.86126543451385,
    "receivedKBytesPerSec" : 11.69834120545705,
    "sentKBytesPerSec" : 22.254752739675112
  },
  "reserve-407" : {
    "transaction" : "reserve-407",
    "sampleCount" : 22307,
    "errorCount" : 134,
    "errorPct" : 0.6007083,
    "meanResTime" : 195.87403057336357,
    "minResTime" : 3.0,
    "maxResTime" : 27077.0,
    "pct1ResTime" : 38.0,
    "pct2ResTime" : 43.0,
    "pct3ResTime" : 1071.6400000000576,
    "throughput" : 34.908359102119505,
    "receivedKBytesPerSec" : 16.590958122038415,
    "sentKBytesPerSec" : 18.741880216027457
  },
  "Total" : {
    "transaction" : "Total",
    "sampleCount" : 178385,
    "errorCount" : 949,
    "errorPct" : 0.5319954,
    "meanResTime" : 175.49887602657267,
    "minResTime" : 0.0,
    "maxResTime" : 27077.0,
    "pct1ResTime" : 35.0,
    "pct2ResTime" : 40.0,
    "pct3ResTime" : 1242.0,
    "throughput" : 279.1356707173952,
    "receivedKBytesPerSec" : 174.93258949493554,
    "sentKBytesPerSec" : 148.60854842233618
  },
  "reserve" : {
    "transaction" : "reserve",
    "sampleCount" : 22276,
    "errorCount" : 143,
    "errorPct" : 0.6419465,
    "meanResTime" : 207.08991739989293,
    "minResTime" : 1.0,
    "maxResTime" : 27076.0,
    "pct1ResTime" : 37.0,
    "pct2ResTime" : 43.0,
    "pct3ResTime" : 1239.0,
    "throughput" : 34.86126543451385,
    "receivedKBytesPerSec" : 11.69834120545705,
    "sentKBytesPerSec" : 22.254752739675112
  },
  "reserve-403" : {
    "transaction" : "reserve-403",
    "sampleCount" : 22315,
    "errorCount" : 144,
    "errorPct" : 0.6453059,
    "meanResTime" : 201.19560833519984,
    "minResTime" : 1.0,
    "maxResTime" : 27062.0,
    "pct1ResTime" : 27.0,
    "pct2ResTime" : 31.0,
    "pct3ResTime" : 1232.9900000000016,
    "throughput" : 34.92022258805561,
    "receivedKBytesPerSec" : 12.362450703940203,
    "sentKBytesPerSec" : 18.41074941160638
  },
  "reserve-415" : {
    "transaction" : "reserve-415",
    "sampleCount" : 22292,
    "errorCount" : 132,
    "errorPct" : 0.5921407,
    "meanResTime" : 193.78342006100823,
    "minResTime" : 2.0,
    "maxResTime" : 27065.0,
    "pct1ResTime" : 37.0,
    "pct2ResTime" : 42.0,
    "pct3ResTime" : 1093.0,
    "throughput" : 34.88559521629789,
    "receivedKBytesPerSec" : 14.555436787366412,
    "sentKBytesPerSec" : 18.149102671955372
  },
  "login" : {
    "transaction" : "login",
    "sampleCount" : 22318,
    "errorCount" : 7,
    "errorPct" : 0.031364817,
    "meanResTime" : 21.80934671565558,
    "minResTime" : 0.0,
    "maxResTime" : 26713.0,
    "pct1ResTime" : 15.0,
    "pct2ResTime" : 17.0,
    "pct3ResTime" : 23.0,
    "throughput" : 36.41995052187025,
    "receivedKBytesPerSec" : 55.74482066625761,
    "sentKBytesPerSec" : 15.14229322441726
  },
  "reserve-410" : {
    "transaction" : "reserve-410",
    "sampleCount" : 22299,
    "errorCount" : 129,
    "errorPct" : 0.5785013,
    "meanResTime" : 192.58123682676293,
    "minResTime" : 2.0,
    "maxResTime" : 27063.0,
    "pct1ResTime" : 38.0,
    "pct2ResTime" : 44.0,
    "pct3ResTime" : 1079.0,
    "throughput" : 34.896167509115664,
    "receivedKBytesPerSec" : 14.098616964621055,
    "sentKBytesPerSec" : 18.363916937919594
  },
  "reserve-411" : {
    "transaction" : "reserve-411",
    "sampleCount" : 22295,
    "errorCount" : 140,
    "errorPct" : 0.62794346,
    "meanResTime" : 204.5321372505044,
    "minResTime" : 2.0,
    "maxResTime" : 27076.0,
    "pct1ResTime" : 38.0,
    "pct2ResTime" : 43.0,
    "pct3ResTime" : 1130.6700000000528,
    "throughput" : 34.89034463115921,
    "receivedKBytesPerSec" : 26.07021867693685,
    "sentKBytesPerSec" : 19.35133993614261
  },
  "browse" : {
    "transaction" : "browse",
    "sampleCount" : 22283,
    "errorCount" : 764,
    "errorPct" : 3.4286227,
    "meanResTime" : 1146.4334245837651,
    "minResTime" : 20.0,
    "maxResTime" : 30527.0,
    "pct1ResTime" : 646.7000000000044,
    "pct2ResTime" : 1368.0,
    "pct3ResTime" : 26974.980000000003,
    "throughput" : 34.87020110261382,
    "receivedKBytesPerSec" : 109.72967587588239,
    "sentKBytesPerSec" : 111.76499064935831
  }
}