1,amdin,admin,1,18911112222
2,user1,user1,0,18911112222
10,Wade,JKO01VUO8HK,0,18911112222
11,Elton,NAQ06RIK2FB,0,18911112222
12,Vincent,YDK08JBC7UO,0,18911112222
13,Astra,EMM10KFZ5IB,0,18911112222
14,Bruce,PDV47PSQ8QB,0,18911112222
15,Barry,LWX45JXX3XB,0,18911112222
16,Rafael,XGE40ZUE2MJ,0,18911112222
17,Dacey,BLL53YYY2GJ,0,18911112222
18,Cassidy,GPA32LSS5YU,0,18911112222
19,Leah,OEG31WJD9GJ,0,18911112222
20,Breanna,BEZ04TIT1JG,0,18911112222
21,Hamish,MJC48XTA0QA,0,18911112222
22,Kitra,FHQ63SCV1IG,0,18911112222
23,Ezra,LSZ32KJO1DG,0,18911112222
24,Quamar,GWD64IJQ7ZM,0,18911112222
25,Cynthia,RXG31ELQ3LJ,0,18911112222
26,Preston,RPH62RYM8OJ,0,18911112222
27,Zephr,CNX57ANG7JF,0,18911112222
28,Alexander,JDX44JID3UF,0,18911112222
29,Scott,PIW16MAX6UH,0,18911112222
30,Keefe,NTB42GGL9JE,0,18911112222
31,Nasim,YAM03VKO5KM,0,18911112222
32,Lars,TRS28CAW0LS,0,18911112222
33,Leigh,UEA20GUQ6BF,0,18911112222
34,September,DWN54MKF3TY,0,18911112222
35,Dalton,TBZ58XTO1DC,0,18911112222
36,Clayton,JMD76KUD5BX,0,18911112222
37,Myra,ROS30ATO9MY,0,18911112222
38,Gareth,HMI02CVB4XU,0,18911112222
39,Scarlett,XSH45REA3VM,0,18911112222
40,Ivan,XPK49JYW0SJ,0,18911112222
41,Wilma,CTS76ADO5ND,0,18911112222
42,Georgia,KEE69VTH6UC,0,18911112222
43,Ursa,FPI41NYX7XC,0,18911112222
44,Kimberley,KEU46LUW8XW,0,18911112222
45,Cairo,WZR45UYB5NK,0,18911112222
46,Michelle,MCR80WWE3OH,0,18911112222
47,Ahmed,UJP60TCZ6YP,0,18911112222
48,David,VSP57IVZ9LE,0,18911112222
49,Conan,LAB01EGC5BS,0,18911112222
50,Charissa,HPL79IPB9BY,0,18911112222
51,Sandra,PAE58ZAR9GG,0,18911112222
52,Florence,YPT15OOA8ZW,0,18911112222
53,Jescie,KEI61WST0PQ,0,18911112222
54,Logan,HIT46KUG0YI,0,18911112222
55,Andrew,YQX33TOY3AV,0,18911112222
56,Basia,UPC18XWV6GR,0,18911112222
57,Holmes,KAA37AVO1NB,0,18911112222
58,Eleanor,ZUT13HSP4CG,0,18911112222
59,Ora,QRJ22VJQ5YJ,0,18911112222
60,Tobias,UJE86AWW4AW,0,18911112222
61,Kylan,CJF00RQG6RI,0,18911112222
62,Skyler,IQH03OLH7OG,0,18911112222
63,Trevor,JGA75YEN7PV,0,18911112222
64,Wylie,NCF23HRZ7QU,0,18911112222
65,Deborah,ANS66MFB8WQ,0,18911112222
66,Curran,NYR91TBY7UV,0,18911112222
67,Vincent,VRQ44FYF5DJ,0,18911112222
68,Finn,VTR67UVZ6IQ,0,18911112222
69,Kitra,IKB42BMG2PK,0,18911112222
70,Honorato,DDI67YFN2DW,0,18911112222
71,Xavier,FCH21TYD2FG,0,18911112222
72,Jada,TMT83BDL6WO,0,18911112222
73,Jameson,GMA27CFK2XY,0,18911112222
74,Colorado,JMW56VCW6AS,0,18911112222
75,Wyatt,SOB59TND5RW,0,18911112222
76,Cally,JGV63DVN8JA,0,18911112222
77,Silas,PMD10FCS5ZA,0,18911112222
78,Colleen,AIA49MWC5UX,0,18911112222
79,Barbara,WMW06NED1XV,0,18911112222
80,Suki,MYR67SVB3LQ,0,18911112222
81,Galvin,BFI60UHV0YW,0,18911112222
82,Marsden,DNW50JQO8NB,0,18911112222
83,Ursa,IXZ40NUK6FA,0,18911112222
84,Raja,OGO18YXG7GU,0,18911112222
85,September,CNJ81HSB6QP,0,18911112222
86,Alexandra,UCC93DHD6RM,0,18911112222
87,Ocean,UIZ97KBZ8AC,0,18911112222
88,Jeanette,QQL23GAZ1YV,0,18911112222
89,Megan,YWC67XOL6JJ,0,18911112222
90,Peter,ULJ18XOP8KJ,0,18911112222
91,Colt,KAB46SAJ3WA,0,18911112222
92,Garrison,ZAG64TJT3OU,0,18911112222
93,Brady,JNN08PMN8ZR,0,18911112222
94,Bert,TNX76SAT6NO,0,18911112222
95,Ifeoma,UDA33IQY8CN,0,18911112222
96,Sylvia,QOP67SYM1VB,0,18911112222
97,Igor,MIO83CPG7IR,0,18911112222
98,Louis,WKJ86UDU8WX,0,18911112222
99,Hammett,BKB79NFG6CT,0,18911112222
100,Camille,KFY90XSW5PS,0,18911112222
101,Colby,ZRY14FFA7FC,0,18911112222
102,Irene,BDO44IZI5XN,0,18911112222
103,Declan,FPQ39EFJ8PV,0,18911112222
104,Dylan,LFW35USJ6TD,0,18911112222
105,Latifah,IER56WEA1UT,0,18911112222
106,Peter,CHO05BRV0BE,0,18911112222
107,Wendy,UNB38WRB9JT,0,18911112222
108,Meghan,NJM90VLJ4BA,0,18911112222
109,Ruby,MJZ27UCU9JL,0,18911112222