{
  "publishnews-359" : {
    "transaction" : "publishnews-359",
    "sampleCount" : 65832,
    "errorCount" : 10,
    "errorPct" : 0.015190181,
    "meanResTime" : 188.23231862923828,
    "minResTime" : 4.0,
    "maxResTime" : 27291.0,
    "pct1ResTime" : 368.0,
    "pct2ResTime" : 419.0,
    "pct3ResTime" : 605.9800000000032,
    "throughput" : 55.979115823845035,
    "receivedKBytesPerSec" : 75.39417829541203,
    "sentKBytesPerSec" : 30.230909229088187
  },
  "publishnews-358" : {
    "transaction" : "publishnews-358",
    "sampleCount" : 131685,
    "errorCount" : 39,
    "errorPct" : 0.029616129,
    "meanResTime" : 205.50923795421016,
    "minResTime" : 1.0,
    "maxResTime" : 32944.0,
    "pct1ResTime" : 343.0,
    "pct2ResTime" : 435.0,
    "pct3ResTime" : 3770.830000000027,
    "throughput" : 111.97561255596229,
    "receivedKBytesPerSec" : 111.59958432184112,
    "sentKBytesPerSec" : 92.66746189063277
  },
  "Total" : {
    "transaction" : "Total",
    "sampleCount" : 263458,
    "errorCount" : 60,
    "errorPct" : 0.022774028,
    "meanResTime" : 154.72618785536778,
    "minResTime" : 1.0,
    "maxResTime" : 32921.0,
    "pct1ResTime" : 316.0,
    "pct2ResTime" : 411.0,
    "pct3ResTime" : 1165.0,
    "throughput" : 224.01557730407202,
    "receivedKBytesPerSec" : 188.9183252737401,
    "sentKBytesPerSec" : 121.51742004089893
  },
  "news-357" : {
    "transaction" : "news-357",
    "sampleCount" : 131762,
    "errorCount" : 26,
    "errorPct" : 0.019732548,
    "meanResTime" : 200.98249115830072,
    "minResTime" : 5.0,
    "maxResTime" : 26808.0,
    "pct1ResTime" : 384.0,
    "pct2ResTime" : 430.0,
    "pct3ResTime" : 768.9300000000112,
    "throughput" : 112.04013520120745,
    "receivedKBytesPerSec" : 150.8924046974979,
    "sentKBytesPerSec" : 60.50604957643332
  },
  "login-355" : {
    "transaction" : "login-355",
    "sampleCount" : 131784,
    "errorCount" : 42,
    "errorPct" : 0.03187033,
    "meanResTime" : 116.62536423238171,
    "minResTime" : 1.0,
    "maxResTime" : 26790.0,
    "pct1ResTime" : 39.0,
    "pct2ResTime" : 52.0,
    "pct3ResTime" : 3636.0,
    "throughput" : 112.05160101045745,
    "receivedKBytesPerSec" : 39.95865164322622,
    "sentKBytesPerSec" : 59.627081945449405
  }
}