{
  "browse-stadium-72" : {
    "transaction" : "browse-stadium-72",
    "sampleCount" : 51175,
    "errorCount" : 1853,
    "errorPct" : 3.6209087,
    "meanResTime" : 619.1836248168064,
    "minResTime" : 1.0,
    "maxResTime" : 34140.0,
    "pct1ResTime" : 439.0,
    "pct2ResTime" : 7083.0,
    "pct3ResTime" : 20260.99,
    "throughput" : 11.045942270139177,
    "receivedKBytesPerSec" : 4.4258512238790715,
    "sentKBytesPerSec" : 5.81141851314764
  },
  "browse-stadium-73" : {
    "transaction" : "browse-stadium-73",
    "sampleCount" : 51153,
    "errorCount" : 1839,
    "errorPct" : 3.595097,
    "meanResTime" : 577.5710124528408,
    "minResTime" : 1.0,
    "maxResTime" : 27309.0,
    "pct1ResTime" : 437.0,
    "pct2ResTime" : 7057.950000000001,
    "pct3ResTime" : 20220.0,
    "throughput" : 11.04120079776901,
    "receivedKBytesPerSec" : 6.253578542595706,
    "sentKBytesPerSec" : 6.122789418916687
  },
  "browse-site" : {
    "transaction" : "browse-site",
    "sampleCount" : 51090,
    "errorCount" : 2668,
    "errorPct" : 5.222157,
    "meanResTime" : 1194.6585437463268,
    "minResTime" : 2.0,
    "maxResTime" : 52244.0,
    "pct1ResTime" : 7056.9000000000015,
    "pct2ResTime" : 13745.0,
    "pct3ResTime" : 26534.99,
    "throughput" : 11.027583420247412,
    "receivedKBytesPerSec" : 8.405232271578578,
    "sentKBytesPerSec" : 11.69134743696373
  },
  "logout-80" : {
    "transaction" : "logout-80",
    "sampleCount" : 51043,
    "errorCount" : 952,
    "errorPct" : 1.8650942,
    "meanResTime" : 596.6133652018898,
    "minResTime" : 1.0,
    "maxResTime" : 34254.0,
    "pct1ResTime" : 428.0,
    "pct2ResTime" : 7039.0,
    "pct3ResTime" : 20214.0,
    "throughput" : 11.0176312751101,
    "receivedKBytesPerSec" : 3.5778768129780674,
    "sentKBytesPerSec" : 5.527219168297054
  },
  "login" : {
    "transaction" : "login",
    "sampleCount" : 51227,
    "errorCount" : 1006,
    "errorPct" : 1.9638082,
    "meanResTime" : 610.7852890077475,
    "minResTime" : 1.0,
    "maxResTime" : 27329.0,
    "pct1ResTime" : 344.0,
    "pct2ResTime" : 7058.0,
    "pct3ResTime" : 20167.99,
    "throughput" : 11.057268912641813,
    "receivedKBytesPerSec" : 4.690195997818852,
    "sentKBytesPerSec" : 5.817949170184097
  },
  "home" : {
    "transaction" : "home",
    "sampleCount" : 51230,
    "errorCount" : 20,
    "errorPct" : 0.039039627,
    "meanResTime" : 48.875268397424,
    "minResTime" : 0.0,
    "maxResTime" : 27331.0,
    "pct1ResTime" : 91.0,
    "pct2ResTime" : 140.0,
    "pct3ResTime" : 275.9900000000016,
    "throughput" : 11.0742928762444,
    "receivedKBytesPerSec" : 16.951365796804343,
    "sentKBytesPerSec" : 4.884116052882504
  },
  "browse-site-77" : {
    "transaction" : "browse-site-77",
    "sampleCount" : 51090,
    "errorCount" : 1879,
    "errorPct" : 3.6778235,
    "meanResTime" : 575.8952436876143,
    "minResTime" : 1.0,
    "maxResTime" : 33898.0,
    "pct1ResTime" : 441.0,
    "pct2ResTime" : 7065.950000000001,
    "pct3ResTime" : 20231.950000000008,
    "throughput" : 11.027588180773877,
    "receivedKBytesPerSec" : 4.833285677952227,
    "sentKBytesPerSec" : 5.737845936887401
  },
  "logout" : {
    "transaction" : "logout",
    "sampleCount" : 51043,
    "errorCount" : 952,
    "errorPct" : 1.8650942,
    "meanResTime" : 596.6134435671871,
    "minResTime" : 1.0,
    "maxResTime" : 34254.0,
    "pct1ResTime" : 428.0,
    "pct2ResTime" : 7039.0,
    "pct3ResTime" : 20214.0,
    "throughput" : 11.0176312751101,
    "receivedKBytesPerSec" : 3.5778768129780674,
    "sentKBytesPerSec" : 5.527219168297054
  },
  "login-65" : {
    "transaction" : "login-65",
    "sampleCount" : 51227,
    "errorCount" : 1006,
    "errorPct" : 1.9638082,
    "meanResTime" : 610.785152361063,
    "minResTime" : 1.0,
    "maxResTime" : 27329.0,
    "pct1ResTime" : 344.0,
    "pct2ResTime" : 7058.0,
    "pct3ResTime" : 20167.99,
    "throughput" : 11.057268912641813,
    "receivedKBytesPerSec" : 4.690195997818852,
    "sentKBytesPerSec" : 5.817949170184097
  },
  "reserve-79" : {
    "transaction" : "reserve-79",
    "sampleCount" : 51068,
    "errorCount" : 1945,
    "errorPct" : 3.8086474,
    "meanResTime" : 607.0560037596925,
    "minResTime" : 1.0,
    "maxResTime" : 34094.0,
    "pct1ResTime" : 443.0,
    "pct2ResTime" : 7080.950000000001,
    "pct3ResTime" : 20248.99,
    "throughput" : 11.022944249389472,
    "receivedKBytesPerSec" : 3.713074145855647,
    "sentKBytesPerSec" : 7.03751099376425
  },
  "login-46" : {
    "transaction" : "login-46",
    "sampleCount" : 51230,
    "errorCount" : 20,
    "errorPct" : 0.039039627,
    "meanResTime" : 48.87520983798571,
    "minResTime" : 0.0,
    "maxResTime" : 27331.0,
    "pct1ResTime" : 91.0,
    "pct2ResTime" : 140.0,
    "pct3ResTime" : 275.9900000000016,
    "throughput" : 11.074460452416462,
    "receivedKBytesPerSec" : 16.95162230482912,
    "sentKBytesPerSec" : 4.884189959314383
  },
  "Total" : {
    "transaction" : "Total",
    "sampleCount" : 460308,
    "errorCount" : 13156,
    "errorPct" : 2.8580863,
    "meanResTime" : 541.3064122283398,
    "minResTime" : 0.0,
    "maxResTime" : 34429.0,
    "pct1ResTime" : 593.7000000000044,
    "pct2ResTime" : 2543.0,
    "pct3ResTime" : 16144.980000000003,
    "throughput" : 99.35441259316339,
    "receivedKBytesPerSec" : 53.1802567362006,
    "sentKBytesPerSec" : 52.82100448023307
  },
  "browse-stadium" : {
    "transaction" : "browse-stadium",
    "sampleCount" : 51153,
    "errorCount" : 3370,
    "errorPct" : 6.588079,
    "meanResTime" : 1805.0465661838066,
    "minResTime" : 4.0,
    "maxResTime" : 60176.0,
    "pct1ResTime" : 13656.0,
    "pct2ResTime" : 20436.95,
    "pct3ResTime" : 27445.950000000008,
    "throughput" : 11.04118173215729,
    "receivedKBytesPerSec" : 15.859726652278537,
    "sentKBytesPerSec" : 17.859389277890244
  },
  "browse-site-78" : {
    "transaction" : "browse-site-78",
    "sampleCount" : 51123,
    "errorCount" : 1878,
    "errorPct" : 3.6734934,
    "meanResTime" : 622.5740664671536,
    "minResTime" : 1.0,
    "maxResTime" : 34429.0,
    "pct1ResTime" : 438.0,
    "pct2ResTime" : 7083.0,
    "pct3ResTime" : 20286.0,
    "throughput" : 11.034694436548078,
    "receivedKBytesPerSec" : 3.574233340682889,
    "sentKBytesPerSec" : 5.957344205603664
  },
  "browse-stadium-69" : {
    "transaction" : "browse-stadium-69",
    "sampleCount" : 51199,
    "errorCount" : 1784,
    "errorPct" : 3.484443,
    "meanResTime" : 614.0642981308255,
    "minResTime" : 1.0,
    "maxResTime" : 33157.0,
    "pct1ResTime" : 444.0,
    "pct2ResTime" : 7064.950000000001,
    "pct3ResTime" : 20247.850000000024,
    "throughput" : 11.051249009793066,
    "receivedKBytesPerSec" : 5.186976304982117,
    "sentKBytesPerSec" : 5.933104902778947
  },
  "reserve" : {
    "transaction" : "reserve",
    "sampleCount" : 51068,
    "errorCount" : 1945,
    "errorPct" : 3.8086474,
    "meanResTime" : 607.0560429231617,
    "minResTime" : 1.0,
    "maxResTime" : 34094.0,
    "pct1ResTime" : 443.0,
    "pct2ResTime" : 7080.950000000001,
    "pct3ResTime" : 20248.99,
    "throughput" : 11.022946628674468,
    "receivedKBytesPerSec" : 3.713074947316799,
    "sentKBytesPerSec" : 7.03751251279981
  }
}