{
  "login-20" : {
    "transaction" : "login-20",
    "sampleCount" : 175919,
    "errorCount" : 1099,
    "errorPct" : 0.6247193,
    "meanResTime" : 256.113205509352,
    "minResTime" : 1.0,
    "maxResTime" : 33231.0,
    "pct1ResTime" : 32.0,
    "pct2ResTime" : 35.0,
    "pct3ResTime" : 13249.990000000002,
    "throughput" : 119.94613575154263,
    "receivedKBytesPerSec" : 51.48633125447448,
    "sentKBytesPerSec" : 64.38669291518937
  },
  "Total" : {
    "transaction" : "Total",
    "sampleCount" : 351788,
    "errorCount" : 2158,
    "errorPct" : 0.61343765,
    "meanResTime" : 248.91007083811903,
    "minResTime" : 1.0,
    "maxResTime" : 33234.0,
    "pct1ResTime" : 32.0,
    "pct2ResTime" : 35.0,
    "pct3ResTime" : 13445.330000000267,
    "throughput" : 239.85736250174716,
    "receivedKBytesPerSec" : 90.26878844845925,
    "sentKBytesPerSec" : 124.57285948403852
  },
  "logout-23" : {
    "transaction" : "logout-23",
    "sampleCount" : 351738,
    "errorCount" : 2118,
    "errorPct" : 0.60215276,
    "meanResTime" : 241.70493378594165,
    "minResTime" : 1.0,
    "maxResTime" : 33234.0,
    "pct1ResTime" : 32.0,
    "pct2ResTime" : 35.0,
    "pct3ResTime" : 13267.0,
    "throughput" : 239.8301392391858,
    "receivedKBytesPerSec" : 77.56748670235433,
    "sentKBytesPerSec" : 120.37621930597915
  },
  "login-1" : {
    "transaction" : "login-1",
    "sampleCount" : 175919,
    "errorCount" : 1099,
    "errorPct" : 0.6247193,
    "meanResTime" : 256.11326235370154,
    "minResTime" : 1.0,
    "maxResTime" : 33231.0,
    "pct1ResTime" : 32.0,
    "pct2ResTime" : 35.0,
    "pct3ResTime" : 13249.990000000002,
    "throughput" : 119.94057480715448,
    "receivedKBytesPerSec" : 51.48394424447985,
    "sentKBytesPerSec" : 64.38370781845079
  }
}