{
  "browse-30" : {
    "transaction" : "browse-30",
    "sampleCount" : 141203,
    "errorCount" : 1229,
    "errorPct" : 0.87037814,
    "meanResTime" : 382.2808509734192,
    "minResTime" : 1.0,
    "maxResTime" : 33267.0,
    "pct1ResTime" : 204.0,
    "pct2ResTime" : 252.0,
    "pct3ResTime" : 17651.0,
    "throughput" : 18.47744870065206,
    "receivedKBytesPerSec" : 10.56533393545429,
    "sentKBytesPerSec" : 10.247803620920687
  },
  "logout-43" : {
    "transaction" : "logout-43",
    "sampleCount" : 282264,
    "errorCount" : 1294,
    "errorPct" : 0.45843607,
    "meanResTime" : 378.5160204631147,
    "minResTime" : 0.0,
    "maxResTime" : 33267.0,
    "pct1ResTime" : 195.0,
    "pct2ResTime" : 234.0,
    "pct3ResTime" : 11925.650000000056,
    "throughput" : 36.93635915984779,
    "receivedKBytesPerSec" : 11.948498441356412,
    "sentKBytesPerSec" : 18.538558930722868
  },
  "login-22" : {
    "transaction" : "login-22",
    "sampleCount" : 282446,
    "errorCount" : 1290,
    "errorPct" : 0.45672446,
    "meanResTime" : 359.6890980930867,
    "minResTime" : 1.0,
    "maxResTime" : 33031.0,
    "pct1ResTime" : 155.0,
    "pct2ResTime" : 181.0,
    "pct3ResTime" : 14232.990000000002,
    "throughput" : 36.96010751231857,
    "receivedKBytesPerSec" : 15.803641107137413,
    "sentKBytesPerSec" : 19.453233263929917
  },
  "Total" : {
    "transaction" : "Total",
    "sampleCount" : 1270664,
    "errorCount" : 8761,
    "errorPct" : 0.68948203,
    "meanResTime" : 338.71353323931015,
    "minResTime" : 0.0,
    "maxResTime" : 33450.0,
    "pct1ResTime" : 116.0,
    "pct2ResTime" : 127.0,
    "pct3ResTime" : 1033.0,
    "throughput" : 166.245622142184,
    "receivedKBytesPerSec" : 89.11640249701601,
    "sentKBytesPerSec" : 87.94563109938348
  },
  "browse-26" : {
    "transaction" : "browse-26",
    "sampleCount" : 282373,
    "errorCount" : 4906,
    "errorPct" : 1.7374183,
    "meanResTime" : 1136.5537321202848,
    "minResTime" : 1.0,
    "maxResTime" : 74187.0,
    "pct1ResTime" : 1050.0,
    "pct2ResTime" : 2432.9500000000007,
    "pct3ResTime" : 26710.81000000003,
    "throughput" : 36.94415417338121,
    "receivedKBytesPerSec" : 49.48134962808307,
    "sentKBytesPerSec" : 59.38898074862307
  },
  "browse-37" : {
    "transaction" : "browse-37",
    "sampleCount" : 141163,
    "errorCount" : 1263,
    "errorPct" : 0.89471036,
    "meanResTime" : 378.60296961668786,
    "minResTime" : 1.0,
    "maxResTime" : 33450.0,
    "pct1ResTime" : 202.0,
    "pct2ResTime" : 245.0,
    "pct3ResTime" : 14395.88000000002,
    "throughput" : 18.469058050956562,
    "receivedKBytesPerSec" : 8.125993257247668,
    "sentKBytesPerSec" : 9.612104207427214
  },
  "browse-38" : {
    "transaction" : "browse-38",
    "sampleCount" : 141170,
    "errorCount" : 1229,
    "errorPct" : 0.87058157,
    "meanResTime" : 370.4176099737841,
    "minResTime" : 1.0,
    "maxResTime" : 33383.0,
    "pct1ResTime" : 202.0,
    "pct2ResTime" : 249.0,
    "pct3ResTime" : 16074.970000000005,
    "throughput" : 18.473120739123733,
    "receivedKBytesPerSec" : 5.94810619638287,
    "sentKBytesPerSec" : 9.97526102937857
  },
  "login-2" : {
    "transaction" : "login-2",
    "sampleCount" : 282450,
    "errorCount" : 26,
    "errorPct" : 0.009205169,
    "meanResTime" : 41.533269605239916,
    "minResTime" : 0.0,
    "maxResTime" : 33077.0,
    "pct1ResTime" : 77.0,
    "pct2ResTime" : 83.0,
    "pct3ResTime" : 109.0,
    "throughput" : 36.95363858909713,
    "receivedKBytesPerSec" : 56.55284559412083,
    "sentKBytesPerSec" : 15.37052159547351
  },
  "reserve-42" : {
    "transaction" : "reserve-42",
    "sampleCount" : 282298,
    "errorCount" : 2502,
    "errorPct" : 0.88629746,
    "meanResTime" : 379.8696023351152,
    "minResTime" : 1.0,
    "maxResTime" : 33385.0,
    "pct1ResTime" : 196.0,
    "pct2ResTime" : 238.95000000000073,
    "pct3ResTime" : 14339.990000000002,
    "throughput" : 36.93443822556962,
    "receivedKBytesPerSec" : 12.393086246203987,
    "sentKBytesPerSec" : 23.58559031623325
  },
  "browse-29" : {
    "transaction" : "browse-29",
    "sampleCount" : 141189,
    "errorCount" : 1205,
    "errorPct" : 0.8534659,
    "meanResTime" : 369.95407574244723,
    "minResTime" : 1.0,
    "maxResTime" : 33385.0,
    "pct1ResTime" : 202.0,
    "pct2ResTime" : 250.0,
    "pct3ResTime" : 16102.890000000018,
    "throughput" : 18.475609444912553,
    "receivedKBytesPerSec" : 7.4157819831483955,
    "sentKBytesPerSec" : 9.723618788662604
  }
}