{
  "reserve-384" : {
    "transaction" : "reserve-384",
    "sampleCount" : 74630,
    "errorCount" : 0,
    "errorPct" : 0.0,
    "meanResTime" : 1.2058957523783913,
    "minResTime" : 0.0,
    "maxResTime" : 13150.0,
    "pct1ResTime" : 1.0,
    "pct2ResTime" : 1.0,
    "pct3ResTime" : 1.0,
    "throughput" : 61.8047176303692,
    "receivedKBytesPerSec" : 94.57811770194193,
    "sentKBytesPerSec" : 25.711642506643823
  },
  "reserve-416" : {
    "transaction" : "reserve-416",
    "sampleCount" : 37314,
    "errorCount" : 0,
    "errorPct" : 0.0,
    "meanResTime" : 7.026531596719785,
    "minResTime" : 4.0,
    "maxResTime" : 13147.0,
    "pct1ResTime" : 6.0,
    "pct2ResTime" : 6.0,
    "pct3ResTime" : 9.0,
    "throughput" : 30.905344204399007,
    "receivedKBytesPerSec" : 23.209189153498862,
    "sentKBytesPerSec" : 16.690093110383447
  },
  "reserve-417" : {
    "transaction" : "reserve-417",
    "sampleCount" : 74628,
    "errorCount" : 0,
    "errorPct" : 0.0,
    "meanResTime" : 3.7145307391327425,
    "minResTime" : 1.0,
    "maxResTime" : 13272.0,
    "pct1ResTime" : 2.0,
    "pct2ResTime" : 2.0,
    "pct3ResTime" : 3.9900000000016007,
    "throughput" : 61.810944383567765,
    "receivedKBytesPerSec" : 20.70425187848022,
    "sentKBytesPerSec" : 39.47691174497395
  },
  "reserve-407" : {
    "transaction" : "reserve-407",
    "sampleCount" : 37315,
    "errorCount" : 0,
    "errorPct" : 0.0,
    "meanResTime" : 5.340452900978162,
    "minResTime" : 2.0,
    "maxResTime" : 19559.0,
    "pct1ResTime" : 4.0,
    "pct2ResTime" : 4.0,
    "pct3ResTime" : 6.0,
    "throughput" : 30.90548132295172,
    "receivedKBytesPerSec" : 14.698212308864733,
    "sentKBytesPerSec" : 16.59962375744477
  },
  "Total" : {
    "transaction" : "Total",
    "sampleCount" : 298518,
    "errorCount" : 0,
    "errorPct" : 0.0,
    "meanResTime" : 4.006790210305647,
    "minResTime" : 0.0,
    "maxResTime" : 19559.0,
    "pct1ResTime" : 5.0,
    "pct2ResTime" : 5.0,
    "pct3ResTime" : 6.0,
    "throughput" : 244.56320041421677,
    "receivedKBytesPerSec" : 153.38956858626622,
    "sentKBytesPerSec" : 130.25241537681353
  },
  "reserve-403" : {
    "transaction" : "reserve-403",
    "sampleCount" : 74629,
    "errorCount" : 0,
    "errorPct" : 0.0,
    "meanResTime" : 15.241849683099,
    "minResTime" : 1.0,
    "maxResTime" : 19582.0,
    "pct1ResTime" : 18.0,
    "pct2ResTime" : 20.0,
    "pct3ResTime" : 26.0,
    "throughput" : 61.808956994038496,
    "receivedKBytesPerSec" : 108.37589853060963,
    "sentKBytesPerSec" : 115.37753672311237
  },
  "reserve-415" : {
    "transaction" : "reserve-415",
    "sampleCount" : 37315,
    "errorCount" : 0,
    "errorPct" : 0.0,
    "meanResTime" : 2.6307651078654684,
    "minResTime" : 1.0,
    "maxResTime" : 13159.0,
    "pct1ResTime" : 2.0,
    "pct2ResTime" : 2.0,
    "pct3ResTime" : 3.0,
    "throughput" : 30.572583565607953,
    "receivedKBytesPerSec" : 12.74852849854941,
    "sentKBytesPerSec" : 15.913268594208045
  },
  "reserve-410" : {
    "transaction" : "reserve-410",
    "sampleCount" : 37315,
    "errorCount" : 0,
    "errorPct" : 0.0,
    "meanResTime" : 3.8369020501138773,
    "minResTime" : 2.0,
    "maxResTime" : 13148.0,
    "pct1ResTime" : 3.0,
    "pct2ResTime" : 3.0,
    "pct3ResTime" : 5.0,
    "throughput" : 30.905583710939407,
    "receivedKBytesPerSec" : 12.495030914383706,
    "sentKBytesPerSec" : 16.26768517597299
  },
  "reserve-411" : {
    "transaction" : "reserve-411",
    "sampleCount" : 37315,
    "errorCount" : 0,
    "errorPct" : 0.0,
    "meanResTime" : 4.597212917057479,
    "minResTime" : 2.0,
    "maxResTime" : 13226.0,
    "pct1ResTime" : 3.0,
    "pct2ResTime" : 3.0,
    "pct3ResTime" : 5.0,
    "throughput" : 30.905634905187657,
    "receivedKBytesPerSec" : 23.179226178890744,
    "sentKBytesPerSec" : 17.14296936147128
  }
}